-- MariaDB dump 10.19  Distrib 10.11.4-MariaDB, for debian-linux-gnu (x86_64)
--
-- Host: localhost    Database: SwimclubDB
-- ------------------------------------------------------
-- Server version	10.11.4-MariaDB-1~deb12u1

/*!40101 SET @OLD_CHARACTER_SET_CLIENT=@@CHARACTER_SET_CLIENT */;
/*!40101 SET @OLD_CHARACTER_SET_RESULTS=@@CHARACTER_SET_RESULTS */;
/*!40101 SET @OLD_COLLATION_CONNECTION=@@COLLATION_CONNECTION */;
/*!40101 SET NAMES utf8mb4 */;
/*!40103 SET @OLD_TIME_ZONE=@@TIME_ZONE */;
/*!40103 SET TIME_ZONE='+00:00' */;
/*!40014 SET @OLD_UNIQUE_CHECKS=@@UNIQUE_CHECKS, UNIQUE_CHECKS=0 */;
/*!40014 SET @OLD_FOREIGN_KEY_CHECKS=@@FOREIGN_KEY_CHECKS, FOREIGN_KEY_CHECKS=0 */;
/*!40101 SET @OLD_SQL_MODE=@@SQL_MODE, SQL_MODE='NO_AUTO_VALUE_ON_ZERO' */;
/*!40111 SET @OLD_SQL_NOTES=@@SQL_NOTES, SQL_NOTES=0 */;

--
-- Table structure for table `events`
--

DROP TABLE IF EXISTS `events`;
/*!40101 SET @saved_cs_client     = @@character_set_client */;
/*!40101 SET character_set_client = utf8 */;
CREATE TABLE `events` (
  `event_id` int(11) NOT NULL AUTO_INCREMENT,
  `distance` varchar(100) DEFAULT NULL,
  `stroke` varchar(100) DEFAULT NULL,
  PRIMARY KEY (`event_id`)
) ENGINE=InnoDB AUTO_INCREMENT=15 DEFAULT CHARSET=utf8mb4 COLLATE=utf8mb4_general_ci;
/*!40101 SET character_set_client = @saved_cs_client */;

--
-- Dumping data for table `events`
--

LOCK TABLES `events` WRITE;
/*!40000 ALTER TABLE `events` DISABLE KEYS */;
INSERT INTO `events` VALUES
(1,'200m','IM'),
(2,'200m','Back'),
(3,'100m','Back'),
(4,'100m','Fly'),
(5,'50m','Free'),
(6,'400m','Free'),
(7,'100m','Free'),
(8,'200m','Free'),
(9,'100m','Breast'),
(10,'50m','Breast'),
(11,'200m','Breast'),
(12,'50m','Fly'),
(13,'50m','Back'),
(14,'100m','IM');
/*!40000 ALTER TABLE `events` ENABLE KEYS */;
UNLOCK TABLES;

--
-- Table structure for table `swimmers`
--

DROP TABLE IF EXISTS `swimmers`;
/*!40101 SET @saved_cs_client     = @@character_set_client */;
/*!40101 SET character_set_client = utf8 */;
CREATE TABLE `swimmers` (
  `swimmer_id` int(11) NOT NULL AUTO_INCREMENT,
  `name` varchar(100) DEFAULT NULL,
  `age` int(11) DEFAULT NULL,
  PRIMARY KEY (`swimmer_id`)
) ENGINE=InnoDB AUTO_INCREMENT=24 DEFAULT CHARSET=utf8mb4 COLLATE=utf8mb4_general_ci;
/*!40101 SET character_set_client = @saved_cs_client */;

--
-- Dumping data for table `swimmers`
--

LOCK TABLES `swimmers` WRITE;
/*!40000 ALTER TABLE `swimmers` DISABLE KEYS */;
INSERT INTO `swimmers` VALUES
(1,'Darius',13),
(2,'Bill',18),
(3,'Hannah',13),
(4,'Mike',15),
(5,'Calvin',9),
(6,'Dave',17),
(7,'Ali',12),
(8,'Ruth',13),
(9,'Elba',14),
(10,'Abi',10),
(11,'Alison',14),
(12,'Blake',15),
(13,'Chris',17),
(14,'Katie',9),
(15,'Erika',15),
(16,'Emma',13),
(17,'Maria',9),
(18,'Tasmin',15),
(19,'Lizzie',14),
(20,'Carl',15),
(21,'Owen',15),
(22,'Aurora',13),
(23,'Darius',8);
/*!40000 ALTER TABLE `swimmers` ENABLE KEYS */;
UNLOCK TABLES;

--
-- Table structure for table `times`
--

DROP TABLE IF EXISTS `times`;
/*!40101 SET @saved_cs_client     = @@character_set_client */;
/*!40101 SET character_set_client = utf8 */;
CREATE TABLE `times` (
  `id` int(11) NOT NULL AUTO_INCREMENT,
  `swimmer_id` int(11) NOT NULL,
  `event_id` int(11) NOT NULL,
  `time` time(2) DEFAULT NULL,
  `ts` timestamp NOT NULL DEFAULT current_timestamp(),
  PRIMARY KEY (`id`),
  KEY `times_FK` (`event_id`),
  KEY `times_FK_1` (`swimmer_id`),
  CONSTRAINT `times_FK` FOREIGN KEY (`event_id`) REFERENCES `events` (`event_id`),
  CONSTRAINT `times_FK_1` FOREIGN KEY (`swimmer_id`) REFERENCES `swimmers` (`swimmer_id`)
) ENGINE=InnoDB AUTO_INCREMENT=468 DEFAULT CHARSET=utf8mb4 COLLATE=utf8mb4_general_ci;
/*!40101 SET character_set_client = @saved_cs_client */;

--
-- Dumping data for table `times`
--

LOCK TABLES `times` WRITE;
/*!40000 ALTER TABLE `times` DISABLE KEYS */;
INSERT INTO `times` VALUES
(1,1,1,'00:03:03.84','2023-11-23 23:11:04'),
(2,1,1,'00:03:04.27','2023-11-23 23:11:04'),
(3,1,1,'00:03:01.49','2023-11-23 23:11:04'),
(4,1,1,'00:03:04.27','2023-11-23 23:11:04'),
(5,1,1,'00:02:52.44','2023-11-23 23:11:04'),
(6,2,2,'00:02:29.06','2023-11-23 23:11:04'),
(7,2,2,'00:02:21.49','2023-11-23 23:11:04'),
(8,2,2,'00:02:24.13','2023-11-23 23:11:04'),
(9,2,2,'00:02:29.40','2023-11-23 23:11:04'),
(10,3,3,'00:01:35.75','2023-11-23 23:11:04'),
(11,3,3,'00:01:32.78','2023-11-23 23:11:04'),
(12,3,3,'00:01:34.01','2023-11-23 23:11:04'),
(13,3,3,'00:01:32.57','2023-11-23 23:11:04'),
(14,1,4,'00:01:27.95','2023-11-23 23:11:04'),
(15,1,4,'00:01:21.07','2023-11-23 23:11:04'),
(16,1,4,'00:01:30.96','2023-11-23 23:11:04'),
(17,1,4,'00:01:23.22','2023-11-23 23:11:04'),
(18,1,4,'00:01:27.95','2023-11-23 23:11:04'),
(19,1,4,'00:01:28.30','2023-11-23 23:11:04'),
(20,4,3,'00:01:19.23','2023-11-23 23:11:04'),
(21,4,3,'00:01:13.70','2023-11-23 23:11:04'),
(22,4,3,'00:01:13.96','2023-11-23 23:11:04'),
(23,4,3,'00:01:15.94','2023-11-23 23:11:04'),
(24,1,3,'00:01:22.57','2023-11-23 23:11:04'),
(25,1,3,'00:01:29.64','2023-11-23 23:11:04'),
(26,1,3,'00:01:20.39','2023-11-23 23:11:04'),
(27,1,3,'00:01:23.83','2023-11-23 23:11:04'),
(28,5,5,'00:00:35.78','2023-11-23 23:11:04'),
(29,5,5,'00:00:36.19','2023-11-23 23:11:04'),
(30,5,5,'00:00:36.89','2023-11-23 23:11:04'),
(31,5,5,'00:00:34.29','2023-11-23 23:11:04'),
(32,5,5,'00:00:34.18','2023-11-23 23:11:04'),
(33,5,5,'00:00:35.94','2023-11-23 23:11:04'),
(34,6,2,'00:02:35.46','2023-11-23 23:11:04'),
(35,6,2,'00:02:28.30','2023-11-23 23:11:04'),
(36,6,2,'00:02:35.35','2023-11-23 23:11:04'),
(37,6,2,'00:02:28.84','2023-11-23 23:11:04'),
(38,7,3,'00:01:36.54','2023-11-23 23:11:04'),
(39,7,3,'00:01:39.10','2023-11-23 23:11:04'),
(40,7,3,'00:01:39.45','2023-11-23 23:11:04'),
(41,7,3,'00:01:42.87','2023-11-23 23:11:04'),
(42,8,6,'00:05:11.32','2023-11-23 23:11:04'),
(43,8,6,'00:05:04.12','2023-11-23 23:11:04'),
(44,8,6,'00:05:20.67','2023-11-23 23:11:04'),
(45,8,6,'00:05:08.31','2023-11-23 23:11:04'),
(46,8,6,'00:05:04.32','2023-11-23 23:11:04'),
(47,8,6,'00:05:06.77','2023-11-23 23:11:04'),
(48,8,6,'00:05:13.01','2023-11-23 23:11:04'),
(49,3,7,'00:01:21.43','2023-11-23 23:11:04'),
(50,3,7,'00:01:21.40','2023-11-23 23:11:04'),
(51,3,7,'00:01:21.62','2023-11-23 23:11:04'),
(52,3,7,'00:01:25.38','2023-11-23 23:11:04'),
(53,9,7,'00:01:06.01','2023-11-23 23:11:04'),
(54,9,7,'00:01:06.93','2023-11-23 23:11:04'),
(55,9,7,'00:01:05.34','2023-11-23 23:11:04'),
(56,9,7,'00:01:06.10','2023-11-23 23:11:04'),
(57,8,8,'00:02:22.64','2023-11-23 23:11:04'),
(58,8,8,'00:02:28.16','2023-11-23 23:11:04'),
(59,8,8,'00:02:28.38','2023-11-23 23:11:04'),
(60,8,8,'00:02:25.08','2023-11-23 23:11:04'),
(61,8,8,'00:02:25.64','2023-11-23 23:11:04'),
(62,8,8,'00:02:33.58','2023-11-23 23:11:04'),
(63,10,9,'00:01:42.97','2023-11-23 23:11:04'),
(64,10,9,'00:01:43.31','2023-11-23 23:11:04'),
(65,10,9,'00:01:43.50','2023-11-23 23:11:04'),
(66,10,9,'00:01:40.34','2023-11-23 23:11:04'),
(67,11,9,'00:01:34.71','2023-11-23 23:11:04'),
(68,11,9,'00:01:37.87','2023-11-23 23:11:04'),
(69,11,9,'00:01:35.15','2023-11-23 23:11:04'),
(70,11,9,'00:01:37.20','2023-11-23 23:11:04'),
(71,11,9,'00:01:36.29','2023-11-23 23:11:04'),
(72,11,9,'00:01:36.00','2023-11-23 23:11:04'),
(73,11,9,'00:01:35.63','2023-11-23 23:11:04'),
(74,11,9,'00:01:35.42','2023-11-23 23:11:04'),
(75,11,9,'00:01:42.01','2023-11-23 23:11:04'),
(76,2,3,'00:01:11.34','2023-11-23 23:11:04'),
(77,2,3,'00:01:05.81','2023-11-23 23:11:04'),
(78,2,3,'00:01:05.75','2023-11-23 23:11:04'),
(79,2,3,'00:01:05.82','2023-11-23 23:11:04'),
(80,12,3,'00:01:12.71','2023-11-23 23:11:04'),
(81,12,3,'00:01:19.87','2023-11-23 23:11:04'),
(82,12,3,'00:01:14.94','2023-11-23 23:11:04'),
(83,12,3,'00:01:11.53','2023-11-23 23:11:04'),
(84,12,3,'00:01:14.94','2023-11-23 23:11:04'),
(85,12,7,'00:01:02.13','2023-11-23 23:11:04'),
(86,12,7,'00:01:03.25','2023-11-23 23:11:04'),
(87,12,7,'00:01:04.16','2023-11-23 23:11:04'),
(88,12,7,'00:01:03.17','2023-11-23 23:11:04'),
(89,12,7,'00:01:04.84','2023-11-23 23:11:04'),
(90,12,7,'00:01:03.88','2023-11-23 23:11:04'),
(91,12,7,'00:01:04.87','2023-11-23 23:11:04'),
(92,13,3,'00:01:21.76','2023-11-23 23:11:04'),
(93,13,3,'00:01:23.32','2023-11-23 23:11:04'),
(94,13,3,'00:01:24.09','2023-11-23 23:11:04'),
(95,13,3,'00:01:21.51','2023-11-23 23:11:04'),
(96,13,9,'00:01:28.86','2023-11-23 23:11:04'),
(97,13,9,'00:01:29.90','2023-11-23 23:11:04'),
(98,13,9,'00:01:28.12','2023-11-23 23:11:04'),
(99,13,9,'00:01:28.67','2023-11-23 23:11:04'),
(100,14,10,'00:00:47.44','2023-11-23 23:11:04'),
(101,14,10,'00:00:52.32','2023-11-23 23:11:04'),
(102,14,10,'00:00:57.16','2023-11-23 23:11:04'),
(103,14,10,'00:00:56.77','2023-11-23 23:11:04'),
(104,15,11,'00:03:27.51','2023-11-23 23:11:04'),
(105,15,11,'00:03:34.70','2023-11-23 23:11:04'),
(106,15,11,'00:03:27.15','2023-11-23 23:11:04'),
(107,15,11,'00:03:28.45','2023-11-23 23:11:04'),
(108,15,11,'00:03:34.79','2023-11-23 23:11:04'),
(109,15,11,'00:03:30.21','2023-11-23 23:11:04'),
(110,15,11,'00:03:33.74','2023-11-23 23:11:04'),
(111,7,7,'00:01:27.31','2023-11-23 23:11:04'),
(112,7,7,'00:01:27.00','2023-11-23 23:11:04'),
(113,7,7,'00:01:27.46','2023-11-23 23:11:04'),
(114,7,7,'00:01:22.50','2023-11-23 23:11:04'),
(115,7,7,'00:01:20.39','2023-11-23 23:11:04'),
(116,7,7,'00:01:26.04','2023-11-23 23:11:04'),
(117,7,7,'00:01:20.22','2023-11-23 23:11:04'),
(118,11,7,'00:01:13.86','2023-11-23 23:11:04'),
(119,11,7,'00:01:12.00','2023-11-23 23:11:04'),
(120,11,7,'00:01:14.69','2023-11-23 23:11:04'),
(121,11,7,'00:01:10.01','2023-11-23 23:11:04'),
(122,11,7,'00:01:12.24','2023-11-23 23:11:04'),
(123,11,7,'00:01:11.00','2023-11-23 23:11:04'),
(124,11,7,'00:01:11.20','2023-11-23 23:11:04'),
(125,11,7,'00:01:12.28','2023-11-23 23:11:04'),
(126,11,7,'00:01:15.46','2023-11-23 23:11:04'),
(127,11,7,'00:01:16.03','2023-11-23 23:11:04'),
(128,16,7,'00:01:32.21','2023-11-23 23:11:04'),
(129,16,7,'00:01:33.68','2023-11-23 23:11:04'),
(130,16,7,'00:01:34.10','2023-11-23 23:11:04'),
(131,16,7,'00:01:28.57','2023-11-23 23:11:04'),
(132,4,7,'00:01:02.52','2023-11-23 23:11:04'),
(133,4,7,'00:01:02.56','2023-11-23 23:11:04'),
(134,4,7,'00:01:06.41','2023-11-23 23:11:04'),
(135,4,7,'00:01:07.08','2023-11-23 23:11:04'),
(136,4,7,'00:01:02.56','2023-11-23 23:11:04'),
(137,4,7,'00:01:03.23','2023-11-23 23:11:04'),
(138,4,7,'00:01:04.54','2023-11-23 23:11:04'),
(139,17,5,'00:00:45.75','2023-11-23 23:11:04'),
(140,17,5,'00:00:41.62','2023-11-23 23:11:04'),
(141,17,5,'00:00:40.49','2023-11-23 23:11:04'),
(142,17,5,'00:00:41.00','2023-11-23 23:11:04'),
(143,18,9,'00:01:20.59','2023-11-23 23:11:04'),
(144,18,9,'00:01:26.48','2023-11-23 23:11:04'),
(145,18,9,'00:01:24.15','2023-11-23 23:11:04'),
(146,18,9,'00:01:21.96','2023-11-23 23:11:04'),
(147,14,3,'00:01:33.36','2023-11-23 23:11:04'),
(148,14,3,'00:01:31.52','2023-11-23 23:11:04'),
(149,14,3,'00:01:28.10','2023-11-23 23:11:04'),
(150,14,3,'00:01:33.37','2023-11-23 23:11:04'),
(151,14,3,'00:01:32.89','2023-11-23 23:11:04'),
(152,14,3,'00:01:33.38','2023-11-23 23:11:04'),
(153,14,3,'00:01:32.03','2023-11-23 23:11:04'),
(154,14,3,'00:01:32.71','2023-11-23 23:11:04'),
(155,14,7,'00:01:20.81','2023-11-23 23:11:04'),
(156,14,7,'00:01:23.61','2023-11-23 23:11:04'),
(157,14,7,'00:01:24.80','2023-11-23 23:11:04'),
(158,14,7,'00:01:22.05','2023-11-23 23:11:04'),
(159,14,7,'00:01:22.58','2023-11-23 23:11:04'),
(160,14,7,'00:01:23.94','2023-11-23 23:11:04'),
(161,14,12,'00:00:40.11','2023-11-23 23:11:04'),
(162,14,12,'00:00:45.43','2023-11-23 23:11:04'),
(163,14,12,'00:00:50.17','2023-11-23 23:11:04'),
(164,14,12,'00:00:43.58','2023-11-23 23:11:04'),
(165,14,12,'00:00:52.61','2023-11-23 23:11:04'),
(166,5,12,'00:00:39.47','2023-11-23 23:11:04'),
(167,5,12,'00:00:37.30','2023-11-23 23:11:04'),
(168,5,12,'00:00:41.90','2023-11-23 23:11:04'),
(169,5,12,'00:00:42.85','2023-11-23 23:11:04'),
(170,5,12,'00:00:39.90','2023-11-23 23:11:04'),
(171,5,12,'00:00:38.66','2023-11-23 23:11:04'),
(172,5,12,'00:00:38.84','2023-11-23 23:11:04'),
(173,5,12,'00:00:37.65','2023-11-23 23:11:04'),
(174,5,12,'00:00:39.68','2023-11-23 23:11:04'),
(175,5,12,'00:00:37.18','2023-11-23 23:11:04'),
(176,5,12,'00:00:43.61','2023-11-23 23:11:04'),
(177,10,10,'00:00:48.08','2023-11-23 23:11:04'),
(178,10,10,'00:00:53.17','2023-11-23 23:11:04'),
(179,10,10,'00:00:45.76','2023-11-23 23:11:04'),
(180,10,10,'00:00:49.28','2023-11-23 23:11:04'),
(181,10,10,'00:00:52.85','2023-11-23 23:11:04'),
(182,10,10,'00:00:46.19','2023-11-23 23:11:04'),
(183,10,10,'00:00:47.76','2023-11-23 23:11:04'),
(184,10,10,'00:00:48.83','2023-11-23 23:11:04'),
(185,10,10,'00:00:45.71','2023-11-23 23:11:04'),
(186,10,10,'00:00:47.76','2023-11-23 23:11:04'),
(187,4,1,'00:02:48.05','2023-11-23 23:11:04'),
(188,4,1,'00:02:44.03','2023-11-23 23:11:04'),
(189,4,1,'00:02:38.93','2023-11-23 23:11:04'),
(190,4,1,'00:02:54.86','2023-11-23 23:11:04'),
(191,4,8,'00:02:19.77','2023-11-23 23:11:04'),
(192,4,8,'00:02:41.57','2023-11-23 23:11:04'),
(193,4,8,'00:02:27.88','2023-11-23 23:11:04'),
(194,4,8,'00:02:37.28','2023-11-23 23:11:04'),
(195,8,2,'00:02:56.68','2023-11-23 23:11:04'),
(196,8,2,'00:02:42.63','2023-11-23 23:11:04'),
(197,8,2,'00:02:40.90','2023-11-23 23:11:04'),
(198,8,2,'00:02:42.88','2023-11-23 23:11:04'),
(199,8,2,'00:02:46.09','2023-11-23 23:11:04'),
(200,5,13,'00:00:38.79','2023-11-23 23:11:04'),
(201,5,13,'00:00:39.03','2023-11-23 23:11:04'),
(202,5,13,'00:00:41.29','2023-11-23 23:11:04'),
(203,5,13,'00:00:39.66','2023-11-23 23:11:04'),
(204,5,13,'00:00:41.13','2023-11-23 23:11:04'),
(205,5,13,'00:00:38.57','2023-11-23 23:11:04'),
(206,5,13,'00:00:39.40','2023-11-23 23:11:04'),
(207,5,13,'00:00:41.06','2023-11-23 23:11:04'),
(208,5,13,'00:00:40.37','2023-11-23 23:11:04'),
(209,5,13,'00:00:43.05','2023-11-23 23:11:04'),
(210,5,13,'00:00:37.85','2023-11-23 23:11:04'),
(211,18,7,'00:01:08.87','2023-11-23 23:11:04'),
(212,18,7,'00:01:07.34','2023-11-23 23:11:04'),
(213,18,7,'00:01:11.00','2023-11-23 23:11:04'),
(214,18,7,'00:01:08.62','2023-11-23 23:11:04'),
(215,18,7,'00:01:10.94','2023-11-23 23:11:04'),
(216,18,7,'00:01:09.52','2023-11-23 23:11:04'),
(217,18,7,'00:01:12.04','2023-11-23 23:11:04'),
(218,18,7,'00:01:10.91','2023-11-23 23:11:04'),
(219,8,3,'00:01:17.16','2023-11-23 23:11:04'),
(220,8,3,'00:01:16.65','2023-11-23 23:11:04'),
(221,8,3,'00:01:23.11','2023-11-23 23:11:04'),
(222,8,3,'00:01:14.37','2023-11-23 23:11:04'),
(223,8,3,'00:01:18.16','2023-11-23 23:11:04'),
(224,8,3,'00:01:18.28','2023-11-23 23:11:04'),
(225,8,3,'00:01:16.87','2023-11-23 23:11:04'),
(226,8,3,'00:01:17.37','2023-11-23 23:11:04'),
(227,8,3,'00:01:20.46','2023-11-23 23:11:04'),
(228,10,3,'00:01:31.59','2023-11-23 23:11:04'),
(229,10,3,'00:01:26.55','2023-11-23 23:11:04'),
(230,10,3,'00:01:28.75','2023-11-23 23:11:04'),
(231,10,3,'00:01:39.79','2023-11-23 23:11:04'),
(232,10,3,'00:01:32.37','2023-11-23 23:11:04'),
(233,15,9,'00:01:36.72','2023-11-23 23:11:04'),
(234,15,9,'00:01:34.78','2023-11-23 23:11:04'),
(235,15,9,'00:01:34.05','2023-11-23 23:11:04'),
(236,15,9,'00:01:32.78','2023-11-23 23:11:04'),
(237,15,9,'00:01:33.51','2023-11-23 23:11:04'),
(238,15,9,'00:01:33.29','2023-11-23 23:11:04'),
(239,15,9,'00:01:36.47','2023-11-23 23:11:04'),
(240,15,9,'00:01:31.82','2023-11-23 23:11:04'),
(241,10,13,'00:00:41.50','2023-11-23 23:11:04'),
(242,10,13,'00:00:43.58','2023-11-23 23:11:04'),
(243,10,13,'00:00:42.35','2023-11-23 23:11:04'),
(244,10,13,'00:00:43.35','2023-11-23 23:11:04'),
(245,10,13,'00:00:39.85','2023-11-23 23:11:04'),
(246,10,13,'00:00:40.53','2023-11-23 23:11:04'),
(247,10,13,'00:00:42.14','2023-11-23 23:11:04'),
(248,10,13,'00:00:39.18','2023-11-23 23:11:04'),
(249,10,13,'00:00:40.89','2023-11-23 23:11:04'),
(250,10,13,'00:00:40.89','2023-11-23 23:11:04'),
(251,19,3,'00:01:27.10','2023-11-23 23:11:04'),
(252,19,3,'00:01:26.21','2023-11-23 23:11:04'),
(253,19,3,'00:01:26.42','2023-11-23 23:11:04'),
(254,19,3,'00:01:35.79','2023-11-23 23:11:04'),
(255,19,3,'00:01:30.47','2023-11-23 23:11:04'),
(256,14,13,'00:00:43.25','2023-11-23 23:11:04'),
(257,14,13,'00:00:47.35','2023-11-23 23:11:04'),
(258,14,13,'00:00:46.12','2023-11-23 23:11:04'),
(259,14,13,'00:00:45.69','2023-11-23 23:11:04'),
(260,6,7,'00:00:59.21','2023-11-23 23:11:04'),
(261,6,7,'00:00:59.27','2023-11-23 23:11:04'),
(262,6,7,'00:00:58.67','2023-11-23 23:11:04'),
(263,6,7,'00:00:59.72','2023-11-23 23:11:04'),
(264,6,7,'00:00:59.17','2023-11-23 23:11:04'),
(265,14,5,'00:00:38.94','2023-11-23 23:11:04'),
(266,14,5,'00:00:37.76','2023-11-23 23:11:04'),
(267,14,5,'00:00:41.83','2023-11-23 23:11:04'),
(268,14,5,'00:00:42.81','2023-11-23 23:11:04'),
(269,19,7,'00:01:21.08','2023-11-23 23:11:04'),
(270,19,7,'00:01:11.23','2023-11-23 23:11:04'),
(271,19,7,'00:01:12.46','2023-11-23 23:11:04'),
(272,19,7,'00:01:16.73','2023-11-23 23:11:04'),
(273,10,5,'00:00:39.07','2023-11-23 23:11:04'),
(274,10,5,'00:00:37.66','2023-11-23 23:11:04'),
(275,10,5,'00:00:36.13','2023-11-23 23:11:04'),
(276,10,5,'00:00:39.42','2023-11-23 23:11:04'),
(277,20,3,'00:01:29.78','2023-11-23 23:11:04'),
(278,20,3,'00:01:28.38','2023-11-23 23:11:04'),
(279,20,3,'00:01:25.03','2023-11-23 23:11:04'),
(280,20,3,'00:01:25.66','2023-11-23 23:11:04'),
(281,14,9,'00:01:50.10','2023-11-23 23:11:04'),
(282,14,9,'00:01:47.12','2023-11-23 23:11:04'),
(283,14,9,'00:01:54.65','2023-11-23 23:11:04'),
(284,14,9,'00:01:51.03','2023-11-23 23:11:04'),
(285,21,7,'00:01:15.57','2023-11-23 23:11:04'),
(286,21,7,'00:01:14.40','2023-11-23 23:11:04'),
(287,21,7,'00:01:19.82','2023-11-23 23:11:04'),
(288,21,7,'00:01:12.90','2023-11-23 23:11:04'),
(289,4,4,'00:01:14.55','2023-11-23 23:11:04'),
(290,4,4,'00:01:14.15','2023-11-23 23:11:04'),
(291,4,4,'00:01:08.38','2023-11-23 23:11:04'),
(292,4,4,'00:01:08.74','2023-11-23 23:11:04'),
(293,4,4,'00:01:10.89','2023-11-23 23:11:04'),
(294,4,4,'00:01:09.47','2023-11-23 23:11:04'),
(295,4,4,'00:01:09.52','2023-11-23 23:11:04'),
(296,4,4,'00:01:09.86','2023-11-23 23:11:04'),
(297,4,4,'00:01:09.83','2023-11-23 23:11:04'),
(298,18,11,'00:02:54.14','2023-11-23 23:11:04'),
(299,18,11,'00:03:03.58','2023-11-23 23:11:04'),
(300,18,11,'00:03:02.43','2023-11-23 23:11:04'),
(301,18,11,'00:02:57.99','2023-11-23 23:11:04'),
(302,12,4,'00:01:11.49','2023-11-23 23:11:04'),
(303,12,4,'00:01:10.16','2023-11-23 23:11:04'),
(304,12,4,'00:01:12.59','2023-11-23 23:11:04'),
(305,12,4,'00:01:11.63','2023-11-23 23:11:04'),
(306,12,4,'00:01:09.43','2023-11-23 23:11:04'),
(307,18,3,'00:01:19.63','2023-11-23 23:11:04'),
(308,18,3,'00:01:16.69','2023-11-23 23:11:04'),
(309,18,3,'00:01:19.68','2023-11-23 23:11:04'),
(310,18,3,'00:01:16.56','2023-11-23 23:11:04'),
(311,22,5,'00:00:30.05','2023-11-23 23:11:04'),
(312,22,5,'00:00:30.21','2023-11-23 23:11:04'),
(313,22,5,'00:00:28.86','2023-11-23 23:11:04'),
(314,22,5,'00:00:30.65','2023-11-23 23:11:04'),
(315,22,5,'00:00:30.03','2023-11-23 23:11:04'),
(316,22,5,'00:00:29.64','2023-11-23 23:11:04'),
(317,22,5,'00:00:29.82','2023-11-23 23:11:04'),
(318,8,7,'00:01:07.99','2023-11-23 23:11:04'),
(319,8,7,'00:01:11.87','2023-11-23 23:11:04'),
(320,8,7,'00:01:11.08','2023-11-23 23:11:04'),
(321,8,7,'00:01:09.75','2023-11-23 23:11:04'),
(322,1,9,'00:01:30.24','2023-11-23 23:11:04'),
(323,1,9,'00:01:33.18','2023-11-23 23:11:04'),
(324,1,9,'00:01:32.73','2023-11-23 23:11:04'),
(325,1,9,'00:01:33.05','2023-11-23 23:11:04'),
(326,1,9,'00:01:30.81','2023-11-23 23:11:04'),
(327,1,9,'00:01:31.74','2023-11-23 23:11:04'),
(328,1,9,'00:01:31.53','2023-11-23 23:11:04'),
(329,1,9,'00:01:33.05','2023-11-23 23:11:04'),
(330,16,9,'00:02:01.15','2023-11-23 23:11:04'),
(331,16,9,'00:01:57.86','2023-11-23 23:11:04'),
(332,16,9,'00:01:59.38','2023-11-23 23:11:04'),
(333,16,9,'00:01:57.94','2023-11-23 23:11:04'),
(334,16,9,'00:01:56.97','2023-11-23 23:11:04'),
(335,15,7,'00:01:19.04','2023-11-23 23:11:04'),
(336,15,7,'00:01:15.88','2023-11-23 23:11:04'),
(337,15,7,'00:01:18.62','2023-11-23 23:11:04'),
(338,15,7,'00:01:21.74','2023-11-23 23:11:04'),
(339,1,1,'00:02:52.44','2023-11-24 23:11:45'),
(340,1,1,'00:03:01.49','2023-11-24 23:11:45'),
(341,1,1,'00:03:04.27','2023-11-24 23:11:45'),
(342,1,1,'00:03:04.27','2023-11-24 23:11:45'),
(343,1,1,'00:03:03.84','2023-11-24 23:11:45'),
(344,1,4,'00:01:23.22','2023-11-24 23:11:45'),
(345,1,4,'00:01:21.07','2023-11-24 23:11:45'),
(346,1,4,'00:01:27.95','2023-11-24 23:11:45'),
(347,1,4,'00:01:27.95','2023-11-24 23:11:45'),
(348,1,4,'00:01:28.30','2023-11-24 23:11:45'),
(349,1,4,'00:01:30.96','2023-11-24 23:11:45'),
(350,1,3,'00:01:22.57','2023-11-24 23:11:45'),
(351,1,3,'00:01:29.64','2023-11-24 23:11:45'),
(352,1,3,'00:01:23.83','2023-11-24 23:11:45'),
(353,1,3,'00:01:20.39','2023-11-24 23:11:45'),
(354,6,2,'00:02:35.46','2023-11-24 23:11:45'),
(355,6,2,'00:02:28.30','2023-11-24 23:11:45'),
(356,6,2,'00:02:28.84','2023-11-24 23:11:45'),
(357,6,2,'00:02:35.35','2023-11-24 23:11:45'),
(358,14,14,'00:01:35.96','2023-11-24 23:11:45'),
(359,14,14,'00:01:31.58','2023-11-24 23:11:45'),
(360,14,14,'00:01:32.96','2023-11-24 23:11:45'),
(361,14,14,'00:01:35.82','2023-11-24 23:11:45'),
(362,10,9,'00:01:42.97','2023-11-24 23:11:45'),
(363,10,9,'00:01:43.31','2023-11-24 23:11:45'),
(364,10,9,'00:01:40.34','2023-11-24 23:11:45'),
(365,10,9,'00:01:43.50','2023-11-24 23:11:45'),
(366,12,3,'00:01:19.87','2023-11-24 23:11:45'),
(367,12,3,'00:01:11.53','2023-11-24 23:11:45'),
(368,12,3,'00:01:14.94','2023-11-24 23:11:45'),
(369,12,3,'00:01:12.71','2023-11-24 23:11:45'),
(370,12,3,'00:01:14.94','2023-11-24 23:11:45'),
(371,12,7,'00:01:02.13','2023-11-24 23:11:45'),
(372,12,7,'00:01:03.17','2023-11-24 23:11:45'),
(373,12,7,'00:01:04.84','2023-11-24 23:11:45'),
(374,12,7,'00:01:03.88','2023-11-24 23:11:45'),
(375,12,7,'00:01:04.87','2023-11-24 23:11:45'),
(376,12,7,'00:01:04.16','2023-11-24 23:11:45'),
(377,12,7,'00:01:03.25','2023-11-24 23:11:45'),
(378,14,10,'00:00:56.77','2023-11-24 23:11:45'),
(379,14,10,'00:00:57.16','2023-11-24 23:11:45'),
(380,14,10,'00:00:47.44','2023-11-24 23:11:45'),
(381,14,10,'00:00:52.32','2023-11-24 23:11:45'),
(382,23,13,'00:00:40.89','2023-11-24 23:11:45'),
(383,23,13,'00:00:41.50','2023-11-24 23:11:45'),
(384,23,13,'00:00:42.35','2023-11-24 23:11:45'),
(385,23,13,'00:00:40.53','2023-11-24 23:11:45'),
(386,23,13,'00:00:40.89','2023-11-24 23:11:45'),
(387,23,13,'00:00:42.14','2023-11-24 23:11:45'),
(388,23,13,'00:00:43.58','2023-11-24 23:11:45'),
(389,23,13,'00:00:39.85','2023-11-24 23:11:45'),
(390,23,13,'00:00:43.35','2023-11-24 23:11:45'),
(391,23,13,'00:00:39.18','2023-11-24 23:11:45'),
(392,17,5,'00:00:41.62','2023-11-24 23:11:45'),
(393,17,5,'00:00:40.49','2023-11-24 23:11:45'),
(394,17,5,'00:00:41.00','2023-11-24 23:11:45'),
(395,17,5,'00:00:45.75','2023-11-24 23:11:45'),
(396,14,3,'00:01:32.71','2023-11-24 23:11:45'),
(397,14,3,'00:01:28.10','2023-11-24 23:11:45'),
(398,14,3,'00:01:33.36','2023-11-24 23:11:45'),
(399,14,3,'00:01:32.89','2023-11-24 23:11:45'),
(400,14,3,'00:01:33.37','2023-11-24 23:11:45'),
(401,14,3,'00:01:31.52','2023-11-24 23:11:45'),
(402,14,3,'00:01:33.38','2023-11-24 23:11:45'),
(403,14,3,'00:01:32.03','2023-11-24 23:11:45'),
(404,14,7,'00:01:24.80','2023-11-24 23:11:45'),
(405,14,7,'00:01:20.81','2023-11-24 23:11:45'),
(406,14,7,'00:01:23.61','2023-11-24 23:11:45'),
(407,14,7,'00:01:23.94','2023-11-24 23:11:45'),
(408,14,7,'00:01:22.05','2023-11-24 23:11:45'),
(409,14,7,'00:01:22.58','2023-11-24 23:11:45'),
(410,14,12,'00:00:52.61','2023-11-24 23:11:45'),
(411,14,12,'00:00:40.11','2023-11-24 23:11:45'),
(412,14,12,'00:00:43.58','2023-11-24 23:11:45'),
(413,14,12,'00:00:50.17','2023-11-24 23:11:45'),
(414,14,12,'00:00:45.43','2023-11-24 23:11:45'),
(415,10,3,'00:01:26.55','2023-11-24 23:11:45'),
(416,10,3,'00:01:39.79','2023-11-24 23:11:45'),
(417,10,3,'00:01:28.75','2023-11-24 23:11:45'),
(418,10,3,'00:01:32.37','2023-11-24 23:11:45'),
(419,10,3,'00:01:31.59','2023-11-24 23:11:45'),
(420,23,10,'00:00:47.76','2023-11-24 23:11:45'),
(421,23,10,'00:00:46.19','2023-11-24 23:11:45'),
(422,23,10,'00:00:49.28','2023-11-24 23:11:45'),
(423,23,10,'00:00:45.71','2023-11-24 23:11:45'),
(424,23,10,'00:00:48.08','2023-11-24 23:11:45'),
(425,23,10,'00:00:53.17','2023-11-24 23:11:45'),
(426,23,10,'00:00:48.83','2023-11-24 23:11:45'),
(427,23,10,'00:00:52.85','2023-11-24 23:11:45'),
(428,23,10,'00:00:47.76','2023-11-24 23:11:45'),
(429,23,10,'00:00:45.76','2023-11-24 23:11:45'),
(430,23,5,'00:00:39.42','2023-11-24 23:11:45'),
(431,23,5,'00:00:36.13','2023-11-24 23:11:45'),
(432,23,5,'00:00:37.66','2023-11-24 23:11:45'),
(433,23,5,'00:00:39.07','2023-11-24 23:11:45'),
(434,14,13,'00:00:46.12','2023-11-24 23:11:45'),
(435,14,13,'00:00:47.35','2023-11-24 23:11:45'),
(436,14,13,'00:00:43.25','2023-11-24 23:11:45'),
(437,14,13,'00:00:45.69','2023-11-24 23:11:45'),
(438,6,7,'00:00:58.67','2023-11-24 23:11:45'),
(439,6,7,'00:00:59.72','2023-11-24 23:11:45'),
(440,6,7,'00:00:59.21','2023-11-24 23:11:45'),
(441,6,7,'00:00:59.27','2023-11-24 23:11:45'),
(442,6,7,'00:00:59.17','2023-11-24 23:11:45'),
(443,14,5,'00:00:37.76','2023-11-24 23:11:45'),
(444,14,5,'00:00:38.94','2023-11-24 23:11:45'),
(445,14,5,'00:00:41.83','2023-11-24 23:11:45'),
(446,14,5,'00:00:42.81','2023-11-24 23:11:45'),
(447,14,9,'00:01:54.65','2023-11-24 23:11:45'),
(448,14,9,'00:01:51.03','2023-11-24 23:11:45'),
(449,14,9,'00:01:47.12','2023-11-24 23:11:45'),
(450,14,9,'00:01:50.10','2023-11-24 23:11:45'),
(451,21,7,'00:01:14.40','2023-11-24 23:11:45'),
(452,21,7,'00:01:15.57','2023-11-24 23:11:45'),
(453,21,7,'00:01:19.82','2023-11-24 23:11:45'),
(454,21,7,'00:01:12.90','2023-11-24 23:11:45'),
(455,12,4,'00:01:12.59','2023-11-24 23:11:45'),
(456,12,4,'00:01:11.63','2023-11-24 23:11:45'),
(457,12,4,'00:01:09.43','2023-11-24 23:11:45'),
(458,12,4,'00:01:10.16','2023-11-24 23:11:45'),
(459,12,4,'00:01:11.49','2023-11-24 23:11:45'),
(460,1,9,'00:01:30.24','2023-11-24 23:11:45'),
(461,1,9,'00:01:33.05','2023-11-24 23:11:45'),
(462,1,9,'00:01:33.05','2023-11-24 23:11:45'),
(463,1,9,'00:01:32.73','2023-11-24 23:11:45'),
(464,1,9,'00:01:30.81','2023-11-24 23:11:45'),
(465,1,9,'00:01:33.18','2023-11-24 23:11:45'),
(466,1,9,'00:01:31.74','2023-11-24 23:11:45'),
(467,1,9,'00:01:31.53','2023-11-24 23:11:45');
/*!40000 ALTER TABLE `times` ENABLE KEYS */;
UNLOCK TABLES;
/*!40103 SET TIME_ZONE=@OLD_TIME_ZONE */;

/*!40101 SET SQL_MODE=@OLD_SQL_MODE */;
/*!40014 SET FOREIGN_KEY_CHECKS=@OLD_FOREIGN_KEY_CHECKS */;
/*!40014 SET UNIQUE_CHECKS=@OLD_UNIQUE_CHECKS */;
/*!40101 SET CHARACTER_SET_CLIENT=@OLD_CHARACTER_SET_CLIENT */;
/*!40101 SET CHARACTER_SET_RESULTS=@OLD_CHARACTER_SET_RESULTS */;
/*!40101 SET COLLATION_CONNECTION=@OLD_COLLATION_CONNECTION */;
/*!40111 SET SQL_NOTES=@OLD_SQL_NOTES */;

-- Dump completed on 2023-11-25 13:01:33
